{"cameraMode":{"drawMode":0,"name":"Shaded","section":"Shading Mode"},"sceneLighting":false,"audioPlay":false,"sceneViewState":{"showFog":true,"showMaterialUpdate":true,"showSkybox":false,"showFlares":true,"showImageEffects":true,"showParticleSystems":true},"in2DMode":false,"pivot":{"x":-0.1669130027294159,"y":0.3588835895061493,"z":2.5043423175811769},"rotation":{"x":-0.057261545211076739,"y":-0.03943600505590439,"z":0.0022658915258944036,"w":-0.9975774884223938},"size":3.9016222953796388,"orthographic":false}