{"cameraMode":{"drawMode":0,"name":"Shaded","section":"Shading Mode"},"sceneLighting":false,"audioPlay":false,"sceneViewState":{"showFog":true,"showMaterialUpdate":true,"showSkybox":false,"showFlares":true,"showImageEffects":true,"showParticleSystems":true},"in2DMode":false,"pivot":{"x":-1.4799957275390626,"y":-2.4599990844726564,"z":0.0},"rotation":{"x":0.043163884431123736,"y":-0.9214373230934143,"z":0.10721628367900849,"w":0.37093785405158999},"size":72.51310729980469,"orthographic":false}