{"cameraMode":{"drawMode":0,"name":"Shaded","section":"Shading Mode"},"sceneLighting":false,"audioPlay":false,"sceneViewState":{"showFog":true,"showMaterialUpdate":true,"showSkybox":false,"showFlares":true,"showImageEffects":true,"showParticleSystems":true},"in2DMode":false,"pivot":{"x":5.960464477539063e-7,"y":1.1913137435913087,"z":0.010921835899353028},"rotation":{"x":-0.0034122567158192398,"y":-0.9965638518333435,"z":0.06170262396335602,"w":-0.055151473730802539},"size":6.917250633239746,"orthographic":false}