{"cameraMode":{"drawMode":0,"name":"Shaded","section":"Shading Mode"},"sceneLighting":false,"audioPlay":false,"sceneViewState":{"showFog":true,"showMaterialUpdate":false,"showSkybox":false,"showFlares":false,"showImageEffects":false,"showParticleSystems":false},"in2DMode":false,"pivot":{"x":344.8553466796875,"y":4.850835800170898,"z":317.0580749511719},"rotation":{"x":-0.2287091612815857,"y":0.32129374146461489,"z":-0.08026960492134094,"w":-0.915433943271637},"size":42.69119644165039,"orthographic":false}