{"cameraMode":{"drawMode":0,"name":"Shaded","section":"Shading Mode"},"sceneLighting":false,"audioPlay":false,"sceneViewState":{"showFog":true,"showMaterialUpdate":true,"showSkybox":false,"showFlares":true,"showImageEffects":true,"showParticleSystems":true},"in2DMode":false,"pivot":{"x":0.253779798746109,"y":0.8748162984848023,"z":0.35735172033309939},"rotation":{"x":-0.001148881041444838,"y":-0.995148777961731,"z":0.09767340123653412,"w":-0.011729024350643158},"size":5.036756992340088,"orthographic":false}