{"cameraMode":{"drawMode":0,"name":"Shaded","section":"Shading Mode"},"sceneLighting":false,"audioPlay":false,"sceneViewState":{"showFog":true,"showMaterialUpdate":true,"showSkybox":false,"showFlares":true,"showImageEffects":true,"showParticleSystems":true},"in2DMode":false,"pivot":{"x":2.7052016258239748,"y":1.4540705680847169,"z":-5.535495281219482},"rotation":{"x":-0.0049373069778084759,"y":-0.9831526279449463,"z":0.026856809854507448,"w":-0.1807352900505066},"size":12.025178909301758,"orthographic":false}