{"cameraMode":{"drawMode":0,"name":"Shaded","section":"Shading Mode"},"sceneLighting":false,"audioPlay":false,"sceneViewState":{"showFog":true,"showMaterialUpdate":true,"showSkybox":false,"showFlares":true,"showImageEffects":true,"showParticleSystems":true},"in2DMode":false,"pivot":{"x":-1.1319150924682618,"y":0.11746740341186524,"z":0.39931654930114748},"rotation":{"x":-0.14304949343204499,"y":-0.8122895956039429,"z":0.22376713156700135,"w":-0.5192790627479553},"size":6.855125904083252,"orthographic":false}